City_ID,City,Lat,Lng,Max Temp,Humidity,Cloudiness,Wind Speed,Country,Date
0,Chernyshevskiy,63.0128,112.4714,-17.0,100,100,2.42,RU,2021-12-31 19:38:39
1,Hobart,-42.8794,147.3294,62.28,86,0,5.75,AU,2021-12-31 19:37:42
2,Beeville,28.4008,-97.7483,87.35,54,1,17.27,US,2021-12-31 19:38:40
3,Punta Arenas,-53.15,-70.9167,51.82,46,40,29.93,CL,2021-12-31 19:38:40
4,Atuona,-9.8,-139.0333,78.04,77,8,15.88,PF,2021-12-31 19:38:40
5,Beloha,-25.1667,45.05,74.93,83,97,9.35,MG,2021-12-31 19:38:41
6,Nalut,30.3333,10.85,53.51,65,0,10.2,LY,2021-12-31 19:38:41
7,Bethel,41.3712,-73.414,51.89,86,90,4.61,US,2021-12-31 19:38:42
8,Ponta Do Sol,32.6667,-17.1,73.13,40,71,4.65,PT,2021-12-31 19:38:42
9,Casalmaggiore,44.9939,10.4189,54.39,85,3,4.07,IT,2021-12-31 19:38:42
10,Haines Junction,60.7522,-137.5108,3.02,98,100,1.77,CA,2021-12-31 19:38:43
11,Port Hedland,-20.3167,118.5667,82.45,78,0,13.8,AU,2021-12-31 19:38:43
12,Saint George,37.1041,-113.5841,50.47,79,90,8.01,US,2021-12-31 19:35:00
13,Tuktoyaktuk,69.4541,-133.0374,-25.6,68,90,8.05,CA,2021-12-31 19:38:44
14,Santander,43.4647,-3.8044,56.52,77,0,0.0,ES,2021-12-31 19:38:44
15,Knokke-Heist,51.3333,3.3333,56.05,88,100,8.99,BE,2021-12-31 19:38:45
16,Clyde River,70.4692,-68.5914,-7.37,84,90,10.36,CA,2021-12-31 19:38:45
17,North Bend,43.4065,-124.2243,44.85,95,90,5.75,US,2021-12-31 19:38:46
18,Cape Town,-33.9258,18.4232,64.35,71,20,4.0,ZA,2021-12-31 19:38:17
19,Ushuaia,-54.8,-68.3,42.42,87,75,18.41,AR,2021-12-31 19:38:46
20,Rikitea,-23.1203,-134.9692,77.67,72,22,12.01,PF,2021-12-31 19:38:47
21,Upernavik,72.7868,-56.1549,4.3,71,100,1.14,GL,2021-12-31 19:38:47
22,Bredasdorp,-34.5322,20.0403,63.72,63,100,11.5,ZA,2021-12-31 19:38:47
23,Namie,37.4833,141.0,26.98,61,50,15.88,JP,2021-12-31 19:38:48
24,Macia,-25.0269,33.0989,69.91,97,100,4.5,MZ,2021-12-31 19:38:48
25,Puerto Ayora,-0.7393,-90.3518,80.56,83,81,8.99,EC,2021-12-31 19:38:49
26,Hualmay,-11.0964,-77.6139,74.08,72,67,9.04,PE,2021-12-31 19:38:49
27,Chuy,-33.6971,-53.4616,79.34,61,0,15.41,UY,2021-12-31 19:38:49
28,Victoria,22.2855,114.1577,64.38,83,76,1.99,HK,2021-12-31 19:38:50
29,Touros,-5.1989,-35.4608,86.9,72,100,13.31,BR,2021-12-31 19:38:50
30,Costa Rica,-23.4167,-54.65,90.14,34,73,6.13,BR,2021-12-31 19:36:17
31,Vaini,-21.2,-175.2,75.36,94,90,3.44,TO,2021-12-31 19:38:51
32,Voh,-20.9667,164.7,76.69,93,100,5.1,NC,2021-12-31 19:38:51
33,Kruisfontein,-34.0033,24.7314,65.88,84,1,11.72,ZA,2021-12-31 19:38:52
34,Rapid City,44.0805,-103.231,11.55,74,90,1.99,US,2021-12-31 19:38:52
35,Faanui,-16.4833,-151.75,81.25,77,63,17.34,PF,2021-12-31 19:34:11
36,Albany,42.6001,-73.9662,50.81,94,90,3.67,US,2021-12-31 19:36:52
37,Port Elizabeth,-33.918,25.5701,68.09,82,0,16.11,ZA,2021-12-31 19:38:53
38,Hermanus,-34.4187,19.2345,63.9,79,94,14.72,ZA,2021-12-31 19:38:54
39,Cherskiy,68.75,161.3,-29.76,100,97,1.57,RU,2021-12-31 19:38:54
40,Hofn,64.2539,-15.2082,32.07,79,100,12.03,IS,2021-12-31 19:38:55
41,Torbay,47.6666,-52.7314,30.58,81,90,3.0,CA,2021-12-31 19:35:28
42,Bluff,-46.6,168.3333,57.79,82,93,9.91,NZ,2021-12-31 19:38:55
43,Corrente,-3.7367,-43.3394,82.76,63,100,3.94,BR,2021-12-31 19:38:55
44,Natal,-5.795,-35.2094,86.65,74,40,16.11,BR,2021-12-31 19:38:56
45,Hilo,19.7297,-155.09,72.81,93,90,5.75,US,2021-12-31 19:38:56
46,Qaanaaq,77.484,-69.3632,-4.88,62,88,7.72,GL,2021-12-31 19:38:57
47,Pilar,-9.5972,-35.9567,84.13,64,46,11.65,BR,2021-12-31 19:38:57
48,La Maddalena,41.2142,9.4083,55.45,90,47,15.64,IT,2021-12-31 19:38:58
49,Pacific Grove,36.6177,-121.9166,54.41,70,20,4.0,US,2021-12-31 19:34:20
50,Barrow,71.2906,-156.7887,-18.38,69,20,6.91,US,2021-12-31 19:38:58
51,Avarua,-21.2078,-159.775,80.65,74,96,13.8,CK,2021-12-31 19:38:59
52,Kushima,31.4583,131.2333,35.11,73,33,6.8,JP,2021-12-31 19:38:59
53,Berlevag,70.8578,29.0864,28.53,55,100,17.02,NO,2021-12-31 19:38:59
54,Asau,46.4333,26.4,31.28,97,96,7.67,RO,2021-12-31 19:39:00
55,Kodiak,57.79,-152.4072,36.91,87,40,5.75,US,2021-12-31 19:39:00
56,Busselton,-33.65,115.3333,54.09,81,24,9.22,AU,2021-12-31 19:39:01
57,Butaritari,3.0707,172.7902,80.91,76,98,6.08,KI,2021-12-31 19:39:01
58,Dukat,62.55,155.55,-22.32,97,100,6.04,RU,2021-12-31 19:39:02
59,Tashtyp,52.7939,89.8983,2.41,90,100,2.73,RU,2021-12-31 19:39:02
60,Mataura,-46.1927,168.8643,57.47,86,100,3.67,NZ,2021-12-31 19:39:02
61,Eldorado,-23.7869,-54.2836,89.46,39,67,12.06,BR,2021-12-31 19:39:03
62,Garmsar,35.2182,52.3409,46.36,47,93,5.17,IR,2021-12-31 19:39:03
63,Eureka,40.8021,-124.1637,46.2,95,98,1.01,US,2021-12-31 19:34:12
64,Klaksvik,62.2266,-6.589,38.32,64,100,16.89,FO,2021-12-31 19:39:04
65,Dunedin,-45.8742,170.5036,61.05,73,63,4.61,NZ,2021-12-31 19:34:34
66,Tiksi,71.6872,128.8694,-33.95,99,97,3.02,RU,2021-12-31 19:39:05
67,Taywarah,33.35,64.4167,24.3,97,69,4.27,AF,2021-12-31 19:39:05
68,Puerto Escondido,15.85,-97.0667,83.68,53,1,8.1,MX,2021-12-31 19:39:05
69,Narsaq,60.9167,-46.05,16.02,56,74,7.47,GL,2021-12-31 19:39:06
70,Quatre Cocos,-20.2078,57.7625,77.11,74,41,10.36,MU,2021-12-31 19:36:16
71,Arraial Do Cabo,-22.9661,-42.0278,76.96,88,90,9.22,BR,2021-12-31 19:39:06
72,Sao Joao Da Barra,-21.6403,-41.0511,80.69,89,100,16.06,BR,2021-12-31 19:39:07
73,Vila Franca Do Campo,37.7167,-25.4333,63.01,73,53,15.32,PT,2021-12-31 19:39:07
74,Ribeira Grande,38.5167,-28.7,57.6,82,40,18.41,PT,2021-12-31 19:39:08
75,Hithadhoo,-0.6,73.0833,81.55,73,6,9.53,MV,2021-12-31 19:39:08
76,Nikolskoye,59.7035,30.7861,30.4,95,93,6.15,RU,2021-12-31 19:39:08
77,Bedesa,8.9,40.7833,63.66,49,10,0.78,ET,2021-12-31 19:39:09
78,Mago,53.2514,140.1822,-9.98,91,98,4.56,RU,2021-12-31 19:34:25
79,Janauba,-15.8025,-43.3089,76.24,84,100,3.78,BR,2021-12-31 19:39:10
80,Khatanga,71.9667,102.5,-42.56,98,100,3.8,RU,2021-12-31 19:39:10
81,Saint-Philippe,-21.3585,55.7679,74.79,78,89,11.43,RE,2021-12-31 19:39:11
82,Balabac,7.9868,117.0645,80.28,80,100,22.01,PH,2021-12-31 19:39:11
83,Castro,-24.7911,-50.0119,69.24,86,46,5.44,BR,2021-12-31 19:39:12
84,Chokurdakh,70.6333,147.9167,-33.68,100,100,1.41,RU,2021-12-31 19:39:12
85,Walvis Bay,-22.9575,14.5053,65.35,72,0,12.66,NA,2021-12-31 19:39:13
86,Norman Wells,65.282,-126.8329,-45.36,59,20,2.3,CA,2021-12-31 19:39:13
87,Vestmannaeyjar,63.4427,-20.2734,37.35,77,100,26.57,IS,2021-12-31 19:39:14
88,New Norfolk,-42.7826,147.0587,61.92,60,0,2.62,AU,2021-12-31 19:39:14
89,Yaqui,27.3667,-110.1667,68.56,84,100,16.98,MX,2021-12-31 19:39:14
90,Aklavik,68.2191,-135.0107,-31.97,67,75,0.0,CA,2021-12-31 19:39:15
91,Caravelas,-17.7125,-39.2481,79.86,77,100,8.08,BR,2021-12-31 19:39:15
92,Labuhan,-6.8844,112.2051,78.53,84,100,6.98,ID,2021-12-31 19:39:16
93,Kapaa,22.0752,-159.319,78.78,86,75,1.01,US,2021-12-31 19:39:01
94,Oranjemund,-28.55,16.4333,62.46,81,1,6.04,NA,2021-12-31 19:39:16
95,Ossora,59.2353,163.0719,30.88,96,100,31.97,RU,2021-12-31 19:39:17
96,Provideniya,64.3833,-173.3,-5.8,78,10,7.14,RU,2021-12-31 19:39:17
97,Ilulissat,69.2167,-51.1,17.62,32,100,12.66,GL,2021-12-31 19:39:18
98,Husavik,66.0449,-17.3389,6.71,69,99,9.69,IS,2021-12-31 19:39:18
99,Yellowknife,62.456,-114.3525,-27.71,82,20,8.05,CA,2021-12-31 19:34:20
100,Sola,-13.8833,167.55,83.1,76,100,6.51,VU,2021-12-31 19:39:19
101,San Patricio,28.017,-97.5169,89.58,55,0,20.09,US,2021-12-31 19:39:19
102,Hanko,59.8333,22.95,32.85,86,51,4.23,FI,2021-12-31 19:39:19
103,Yar-Sale,66.8333,70.8333,-5.89,98,100,8.7,RU,2021-12-31 19:39:20
104,Ribeira Brava,32.65,-17.0667,73.13,40,73,2.91,PT,2021-12-31 19:39:20
105,Hvide Sande,56.0045,8.1294,46.69,99,85,12.15,DK,2021-12-31 19:39:21
106,Bara,10.3744,10.7288,73.47,17,0,7.49,NG,2021-12-31 19:39:21
107,Asyut,27.181,31.1837,57.38,78,99,2.33,EG,2021-12-31 19:39:22
108,Port Alfred,-33.5906,26.891,68.47,83,65,20.33,ZA,2021-12-31 19:39:22
109,Torres,-29.3353,-49.7269,82.83,77,66,12.97,BR,2021-12-31 19:39:23
110,Pisco,-13.7,-76.2167,77.05,61,0,19.57,PE,2021-12-31 19:34:45
111,Thompson,55.7435,-97.8558,-7.44,71,75,10.36,CA,2021-12-31 19:36:09
112,Zonguldak,41.25,31.8333,41.38,98,100,1.83,TR,2021-12-31 19:39:23
113,Grand-Santi,4.25,-54.3833,77.45,96,97,3.76,GF,2021-12-31 19:39:24
114,Esperance,-33.8667,121.9,62.44,72,100,11.86,AU,2021-12-31 19:39:24
115,Sabha,27.0377,14.4283,54.25,51,0,10.4,LY,2021-12-31 19:39:25
116,East London,-33.0153,27.9116,68.85,82,92,17.25,ZA,2021-12-31 19:39:25
117,Coihaique,-45.5752,-72.0662,59.61,58,75,11.5,CL,2021-12-31 19:39:25
118,Ostrovnoy,68.0531,39.5131,19.96,95,100,4.41,RU,2021-12-31 19:39:26
119,Opuwo,-18.0607,13.84,75.18,31,64,9.15,NA,2021-12-31 19:39:26
120,Kavieng,-2.5744,150.7967,82.2,75,100,2.21,PG,2021-12-31 19:39:27
121,Harwich,51.9419,1.2844,56.37,83,99,5.01,GB,2021-12-31 19:39:27
122,Martinsburg,39.4562,-77.9639,61.68,79,20,4.61,US,2021-12-31 19:39:28
123,Mocajuba,-2.5842,-49.5072,81.57,78,100,4.25,BR,2021-12-31 19:39:28
124,Jamestown,42.097,-79.2353,50.29,52,40,5.01,US,2021-12-31 19:35:15
125,Pervomayskiy,53.2485,40.2871,24.13,96,97,11.1,RU,2021-12-31 19:39:29
126,Maniitsoq,65.4167,-52.9,14.45,67,96,7.9,GL,2021-12-31 19:39:29
127,Vicuna,-30.0319,-70.7081,60.53,46,2,9.15,CL,2021-12-31 19:39:30
128,Saldanha,-33.0117,17.9442,62.65,79,31,5.17,ZA,2021-12-31 19:39:30
129,Alihe,50.5667,123.7167,-10.17,89,100,1.9,CN,2021-12-31 19:39:30
130,Petropavlovsk-Kamchatskiy,53.0452,158.6483,23.59,86,75,6.71,RU,2021-12-31 19:39:31
131,Naze,28.3667,129.4833,54.9,60,100,11.41,JP,2021-12-31 19:39:31
132,Sindor,62.8629,51.8905,13.48,93,100,9.31,RU,2021-12-31 19:39:32
133,Longyearbyen,78.2186,15.6401,10.24,56,0,6.91,SJ,2021-12-31 19:39:32
134,Barcelos,41.5388,-8.6151,63.68,72,100,6.98,PT,2021-12-31 19:39:32
135,Weligama,5.9667,80.4167,74.73,89,92,9.53,LK,2021-12-31 19:39:33
136,Raudeberg,61.9875,5.1352,39.87,59,88,12.1,NO,2021-12-31 19:39:33
137,Tasiilaq,65.6145,-37.6368,15.96,57,13,4.36,GL,2021-12-31 19:39:34
138,Leningradskiy,69.3833,178.4167,-23.93,95,40,6.08,RU,2021-12-31 19:39:34
139,Porto Velho,-8.7619,-63.9039,86.05,66,40,5.75,BR,2021-12-31 19:39:35
140,Katete,-0.7818,29.7544,62.13,98,100,2.66,UG,2021-12-31 19:39:35
141,Laguna,38.421,-121.4238,53.01,83,20,1.99,US,2021-12-31 19:36:42
142,Kirovskiy,45.0917,133.5136,-17.16,95,10,2.55,RU,2021-12-31 19:39:36
143,Port-Gentil,-0.7193,8.7815,78.76,89,40,5.75,GA,2021-12-31 19:39:36
144,Hervey Bay,-25.2986,152.8535,74.03,89,100,18.37,AU,2021-12-31 19:39:36
145,Bengkulu,-3.8004,102.2655,75.0,90,100,4.36,ID,2021-12-31 19:39:37
146,Tabou,4.423,-7.3528,79.74,82,24,7.61,CI,2021-12-31 19:39:37
147,Oulainen,64.2667,24.8,27.27,95,100,7.18,FI,2021-12-31 19:39:38
148,Myitkyina,25.3833,97.4,57.42,80,20,2.35,MM,2021-12-31 19:39:38
149,Saint Anthony,45.0205,-93.218,19.33,82,90,5.01,US,2021-12-31 19:39:38
150,San Jeronimo,-11.9472,-75.2829,64.69,46,100,6.6,PE,2021-12-31 19:39:39
151,Cervo,43.6702,-7.4101,58.33,68,89,8.93,ES,2021-12-31 19:39:39
152,Kalutara,6.5831,79.9593,77.09,86,64,2.73,LK,2021-12-31 19:39:40
153,Margate,51.3813,1.3862,56.03,85,93,1.99,GB,2021-12-31 19:35:43
154,Poum,-20.2333,164.0167,80.83,84,99,24.56,NC,2021-12-31 19:39:40
155,Kavaratti,10.5669,72.642,81.23,72,100,7.7,IN,2021-12-31 19:39:41
156,Verkhoyansk,67.5447,133.385,-44.03,96,100,2.35,RU,2021-12-31 19:39:41
157,Padang,-0.9492,100.3543,76.77,88,100,3.91,ID,2021-12-31 19:39:42
158,San Miguel De Cauri,-10.1,-76.5833,55.85,65,97,6.04,PE,2021-12-31 19:39:42
159,Adre,13.4667,22.2,72.75,26,16,8.61,TD,2021-12-31 19:35:52
160,Mahebourg,-20.4081,57.7,77.29,78,40,6.91,MU,2021-12-31 19:39:43
161,Joshimath,30.5667,79.5667,36.81,41,92,8.57,IN,2021-12-31 19:39:43
162,Mar Del Plata,-38.0023,-57.5575,77.02,91,0,20.0,AR,2021-12-31 19:39:44
163,Boende,-0.2167,20.8667,71.8,95,96,2.08,CD,2021-12-31 19:39:44
164,Grand Gaube,-20.0064,57.6608,77.4,74,25,3.0,MU,2021-12-31 19:39:45
165,Mombetsu,44.3525,143.3525,11.7,77,47,10.78,JP,2021-12-31 19:39:45
166,Ternate,0.8,127.4,79.83,82,100,4.92,ID,2021-12-31 19:39:45
167,Pangnirtung,66.1451,-65.7125,3.2,66,90,8.05,CA,2021-12-31 19:39:46
168,Cidreira,-30.1811,-50.2056,75.6,78,73,17.63,BR,2021-12-31 19:39:46
169,Kuito,-12.3833,16.9333,59.16,92,10,2.21,AO,2021-12-31 19:39:47
170,Sur,22.5667,59.5289,71.37,72,3,7.34,OM,2021-12-31 19:39:47
171,Combita,5.6333,-73.3167,60.94,70,95,1.99,CO,2021-12-31 19:39:47
172,Cururupu,-1.8283,-44.8683,78.08,92,100,4.38,BR,2021-12-31 19:39:48
173,Port Lincoln,-34.7333,135.8667,71.22,56,100,5.55,AU,2021-12-31 19:39:48
174,Airai,-8.9266,125.4092,60.4,90,98,1.12,TL,2021-12-31 19:39:49
175,Iberia,29.9502,-91.7507,82.38,69,40,14.97,US,2021-12-31 19:39:49
176,Nioro,13.35,-15.75,85.41,11,71,8.05,GM,2021-12-31 19:39:49
177,Fortuna,40.5982,-124.1573,45.93,94,95,1.01,US,2021-12-31 19:39:50
178,Port Blair,11.6667,92.75,80.4,74,5,11.54,IN,2021-12-31 19:39:50
179,Quang Ngai,15.1167,108.8,68.95,89,93,4.32,VN,2021-12-31 19:39:51
180,Merauke,-8.4667,140.3333,79.43,85,97,7.36,ID,2021-12-31 19:39:51
181,Carnarvon,-24.8667,113.6333,75.27,78,0,13.8,AU,2021-12-31 19:39:51
182,Talnakh,69.4865,88.3972,-23.8,99,100,4.23,RU,2021-12-31 19:39:52
183,Kaseda,31.4167,130.3167,34.84,68,91,11.54,JP,2021-12-31 19:39:52
184,Cabo San Lucas,22.8909,-109.9124,85.51,77,75,5.99,MX,2021-12-31 19:39:00
185,Nouadhibou,20.931,-17.0347,76.98,36,0,8.05,MR,2021-12-31 19:39:53
186,Qorveh,35.1664,47.8045,31.84,80,9,5.19,IR,2021-12-31 19:39:53
187,Sechura,-5.5569,-80.8222,77.5,60,31,15.97,PE,2021-12-31 19:39:54
188,Marsaxlokk,35.8419,14.5431,56.08,66,0,5.75,MT,2021-12-31 19:39:54
189,Westport,41.1415,-73.3579,53.15,92,90,1.01,US,2021-12-31 19:39:55
190,Bathsheba,13.2167,-59.5167,84.81,58,40,19.57,BB,2021-12-31 19:39:55
191,Tuatapere,-46.1333,167.6833,57.81,87,99,4.43,NZ,2021-12-31 19:39:55
192,Kaitangata,-46.2817,169.8464,61.93,82,100,3.11,NZ,2021-12-31 19:39:56
193,Mount Gambier,-37.8333,140.7667,62.51,72,100,10.36,AU,2021-12-31 19:35:31
194,Umm Lajj,25.0213,37.2685,68.88,45,0,5.26,SA,2021-12-31 19:39:56
195,Aktau,43.65,51.2,30.78,52,71,7.2,KZ,2021-12-31 19:39:57
196,Killybegs,54.6333,-8.45,55.11,87,100,17.52,IE,2021-12-31 19:39:57
197,Hambantota,6.1241,81.1185,75.97,91,96,12.8,LK,2021-12-31 19:39:58
198,Cayenne,4.9333,-52.3333,82.44,80,0,5.01,GF,2021-12-31 19:39:58
199,Freeport,40.6576,-73.5832,53.58,82,90,8.01,US,2021-12-31 19:38:57
200,Bambous Virieux,-20.3428,57.7575,77.25,78,40,6.91,MU,2021-12-31 19:39:59
201,Moroni,-11.7022,43.2551,79.29,75,5,4.59,KM,2021-12-31 19:39:59
202,Dandong,40.1292,124.3947,13.75,41,6,3.8,CN,2021-12-31 19:40:00
203,Ust-Nera,64.5667,143.2,-43.85,100,86,2.48,RU,2021-12-31 19:40:00
204,Albacete,38.8333,-2.0,45.41,76,0,5.75,ES,2021-12-31 19:40:01
205,Ponta Delgada,37.7333,-25.6667,63.32,63,40,18.41,PT,2021-12-31 19:40:01
206,Thinadhoo,0.5333,72.9333,81.19,74,54,9.64,MV,2021-12-31 19:40:02
207,Ascension,30.2169,-90.9001,84.27,66,40,12.66,US,2021-12-31 19:40:02
208,Nandgaon,20.3167,74.65,65.97,67,48,2.55,IN,2021-12-31 19:40:03
209,Emerald,-23.5333,148.1667,71.74,78,0,9.22,AU,2021-12-31 19:35:42
210,Novopavlovka,51.2172,109.2091,-17.39,100,30,2.35,RU,2021-12-31 19:40:03
211,Latung,5.5,120.8833,81.27,72,100,11.99,PH,2021-12-31 19:40:04
212,Los Llanos De Aridane,28.6585,-17.9182,69.55,39,0,7.0,ES,2021-12-31 19:40:04
213,Moberly,39.4184,-92.4382,62.02,48,1,13.8,US,2021-12-31 19:40:04
214,Tingi,-11.3,35.0333,65.52,85,95,3.65,TZ,2021-12-31 19:40:05
215,Soyo,-6.1349,12.3689,78.6,89,64,8.63,AO,2021-12-31 19:40:05
216,Camopi,3.1655,-52.3158,76.19,97,71,4.74,GF,2021-12-31 19:40:06
217,Severo-Kurilsk,50.6789,156.125,24.24,82,64,9.24,RU,2021-12-31 19:40:06
218,Tooele,40.5308,-112.2983,33.85,86,90,0.0,US,2021-12-31 19:40:06
219,Terralba,39.7192,8.6392,56.01,95,19,1.95,IT,2021-12-31 19:40:07
220,Olga,43.7444,135.2892,1.65,46,0,12.41,RU,2021-12-31 19:40:07
221,Georgetown,5.4112,100.3354,80.89,82,20,1.01,MY,2021-12-31 19:40:08
222,Lebu,-37.6167,-73.65,61.95,71,0,11.88,CL,2021-12-31 19:40:08
223,Mangrol,21.1167,70.1167,68.72,61,18,10.36,IN,2021-12-31 19:40:08
224,Tecoanapa,16.5167,-98.75,82.63,56,0,8.9,MX,2021-12-31 19:40:09
225,Comodoro Rivadavia,-45.8667,-67.5,75.06,19,20,25.32,AR,2021-12-31 19:40:09
226,Luderitz,-26.6481,15.1594,62.33,82,0,12.01,NA,2021-12-31 19:40:10
227,Guerrero Negro,27.9769,-114.0611,64.83,55,0,24.16,MX,2021-12-31 19:40:10
228,Takoradi,4.8845,-1.7554,80.87,82,83,8.66,GH,2021-12-31 19:40:10
229,Bielsk Podlaski,52.7651,23.1865,49.24,95,100,18.7,PL,2021-12-31 19:40:11
230,Svetlaya,46.5389,138.3297,2.89,69,100,14.72,RU,2021-12-31 19:40:11
231,Souillac,-20.5167,57.5167,77.38,78,40,6.91,MU,2021-12-31 19:40:12
232,Egvekinot,66.3167,-179.1667,-17.5,84,19,8.95,RU,2021-12-31 19:40:12
233,Havoysund,70.9963,24.6622,27.48,55,98,16.98,NO,2021-12-31 19:35:23
234,Flinders,-34.5833,150.8552,70.05,83,28,1.99,AU,2021-12-31 19:40:13
235,Luis Correia,-2.8792,-41.6669,86.0,79,75,13.8,BR,2021-12-31 19:40:13
236,Bubaque,11.2833,-15.8333,80.44,73,46,13.82,GW,2021-12-31 19:40:13
237,Constitucion,-35.3333,-72.4167,65.57,58,0,20.94,CL,2021-12-31 19:40:14
238,Puerto Leguizamo,-0.1934,-74.7819,86.74,60,100,1.1,CO,2021-12-31 19:40:14
239,Victoria Point,-27.5833,153.3,71.58,96,81,1.01,AU,2021-12-31 19:40:15
240,Kiruna,67.8557,20.2251,2.32,85,6,4.61,SE,2021-12-31 19:40:15
241,Saint-Donat-De-Montcalm,46.3187,-74.2219,30.06,95,100,3.91,CA,2021-12-31 19:40:16
242,Broken Hill,-31.95,141.4333,76.71,27,83,11.5,AU,2021-12-31 19:36:49
243,Kokopo,-4.352,152.2633,78.31,83,100,6.64,PG,2021-12-31 19:40:16
244,Salalah,17.0151,54.0924,77.09,78,75,1.14,OM,2021-12-31 19:35:54
245,Vardo,70.3705,31.1107,30.02,62,100,20.54,NO,2021-12-31 19:36:32
246,Were Ilu,10.6,39.4333,53.49,71,98,6.49,ET,2021-12-31 19:40:17
247,Iqaluit,63.7506,-68.5145,13.73,62,75,5.75,CA,2021-12-31 19:40:18
248,Tautira,-17.7333,-149.15,86.02,79,100,17.09,PF,2021-12-31 19:40:18
249,Boyolangu,-8.1181,111.8935,75.6,88,100,1.86,ID,2021-12-31 19:40:18
250,Kalanchak,46.2562,33.2907,38.98,94,99,7.72,UA,2021-12-31 19:40:19
251,Sfantu Gheorghe,45.8667,25.7833,45.27,98,100,3.27,RO,2021-12-31 19:40:19
252,Buala,-8.145,159.5921,79.88,81,100,0.98,SB,2021-12-31 19:40:20
253,Rawson,-43.3002,-65.1023,78.94,21,100,17.96,AR,2021-12-31 19:40:20
254,Andenes,69.3143,16.1194,30.18,64,20,26.46,NO,2021-12-31 19:40:20
255,Digby,44.6169,-65.7655,42.31,96,100,4.63,CA,2021-12-31 19:40:21
256,Lahij,13.1667,44.5833,69.39,75,100,4.85,YE,2021-12-31 19:40:21
257,Korem,12.5058,39.5228,53.13,84,100,2.93,ET,2021-12-31 19:40:22
258,Port Augusta,-32.5,137.7667,73.54,49,100,7.11,AU,2021-12-31 19:40:22
259,Ust-Kuyga,70.0167,135.6,-42.23,99,100,4.72,RU,2021-12-31 19:40:23
260,Vilyuysk,63.7553,121.6247,-27.58,98,100,4.34,RU,2021-12-31 19:40:23
261,Dongsheng,39.8161,109.9776,16.95,51,8,13.51,CN,2021-12-31 19:40:24
262,Greenville,35.6127,-77.3663,74.28,85,98,8.01,US,2021-12-31 19:37:40
263,Nyurba,63.2842,118.3319,-21.05,99,99,1.7,RU,2021-12-31 19:40:24
264,Jumla,29.2747,82.1838,34.2,45,99,3.6,NP,2021-12-31 19:40:25
265,Carutapera,-1.195,-46.02,79.25,87,100,7.65,BR,2021-12-31 19:40:25
266,Geraldton,-28.7667,114.6,72.01,83,90,17.27,AU,2021-12-31 19:40:26
267,Murgab,37.4966,61.9714,44.47,81,75,0.0,TM,2021-12-31 19:40:26
268,Shingu,33.7333,135.9833,41.92,64,10,12.71,JP,2021-12-31 19:40:26
269,La Rioja,42.25,-2.5,49.05,46,35,8.12,ES,2021-12-31 19:36:30
270,Tilichiki,60.4667,166.1,19.04,81,100,16.91,RU,2021-12-31 19:35:46
271,Nishihara,26.1842,127.7558,58.28,55,1,9.22,JP,2021-12-31 19:40:27
272,Aden,12.7794,45.0367,77.58,72,100,16.64,YE,2021-12-31 19:40:28
273,Gao,16.6362,1.637,70.5,15,0,11.86,ML,2021-12-31 19:40:28
274,Lorengau,-2.0226,147.2712,80.44,78,100,1.77,PG,2021-12-31 19:36:27
275,Portland,45.5234,-122.6762,40.14,91,75,1.01,US,2021-12-31 19:38:36
276,Matadi,-5.8167,13.45,78.94,87,99,3.11,CD,2021-12-31 19:40:29
277,Sakaiminato,35.55,133.2333,37.38,81,75,6.91,JP,2021-12-31 19:40:29
278,Fort Nelson,58.8053,-122.7002,-11.61,70,75,2.3,CA,2021-12-31 19:36:09
279,Nicoya,10.1483,-85.452,90.95,48,92,9.46,CR,2021-12-31 19:40:30
280,Rawah,34.4816,41.9093,48.67,39,6,4.27,IQ,2021-12-31 19:40:30
281,Lavrentiya,65.5833,-171.0,-17.09,88,6,8.52,RU,2021-12-31 19:40:31
282,Port-Cartier,50.0334,-66.8654,28.62,87,39,1.28,CA,2021-12-31 19:40:31
283,Bellevue,47.6104,-122.2007,35.04,73,1,1.01,US,2021-12-31 19:40:31
284,Colares,38.7992,-9.4469,65.89,62,99,4.0,PT,2021-12-31 19:40:32
285,Rio Grande,-32.035,-52.0986,82.51,77,50,6.4,BR,2021-12-31 19:40:32
286,Sao Lourenco Do Oeste,-26.3592,-52.8511,81.7,41,63,3.06,BR,2021-12-31 19:40:33
287,Gonbad-E Qabus,37.25,55.1672,46.44,47,0,3.0,IR,2021-12-31 19:40:33
288,Atikokan,48.7555,-91.6216,-0.31,84,100,9.22,CA,2021-12-31 19:40:34
289,Sisimiut,66.9395,-53.6735,15.44,91,100,8.01,GL,2021-12-31 19:40:34
290,Mezen,65.8522,44.24,13.89,95,100,8.77,RU,2021-12-31 19:40:35
291,Zhangjiakou,40.81,114.8794,19.26,40,36,0.81,CN,2021-12-31 19:40:35
292,Ojinaga,29.5667,-104.4167,78.57,33,90,8.05,MX,2021-12-31 19:40:35
293,Harper,4.375,-7.7169,79.41,83,58,7.58,LR,2021-12-31 19:40:36
294,Wanning,18.8003,110.3967,68.27,87,100,8.72,CN,2021-12-31 19:40:36
295,Korla,41.7597,86.1469,20.68,64,100,1.05,CN,2021-12-31 19:40:37
296,Ewa Beach,21.3156,-158.0072,73.69,91,75,5.99,US,2021-12-31 19:40:37
297,Solnechnyy,50.7214,136.6319,-0.47,78,91,4.38,RU,2021-12-31 19:40:37
298,Manggar,-2.8833,108.2667,78.44,84,82,5.95,ID,2021-12-31 19:40:38
299,Codrington,-38.2667,141.9667,65.37,59,100,6.98,AU,2021-12-31 19:40:38
300,La Paz,-16.5,-68.15,67.98,27,40,10.36,BO,2021-12-31 19:37:40
301,Lagoa,39.05,-27.9833,58.71,70,59,20.85,PT,2021-12-31 19:40:39
302,Marystown,47.1666,-55.1483,33.85,100,100,1.61,CA,2021-12-31 19:40:39
303,Tyup,42.7276,78.3648,18.7,79,100,3.87,KG,2021-12-31 19:40:40
304,Beringovskiy,63.05,179.3167,-13.18,94,91,7.29,RU,2021-12-31 19:40:40
305,Belchatow,51.3688,19.3567,52.45,90,100,18.61,PL,2021-12-31 19:40:41
306,Eyemouth,55.8713,-2.0901,53.83,87,100,10.0,GB,2021-12-31 19:40:41
307,Nanortalik,60.1432,-45.2371,20.34,62,22,8.3,GL,2021-12-31 19:40:42
308,Atlantis,-33.5667,18.4834,62.42,84,25,5.46,ZA,2021-12-31 19:40:42
309,Vestmanna,62.1564,-7.1664,36.52,65,75,8.05,FO,2021-12-31 19:40:42
310,Humaita,-7.5061,-63.0208,89.51,51,45,3.85,BR,2021-12-31 19:40:43
311,Acapulco,16.8634,-99.8901,84.02,65,1,4.61,MX,2021-12-31 19:40:43
312,Hami,42.8,93.45,18.61,60,8,4.0,CN,2021-12-31 19:40:44
313,Praia,14.9215,-23.5087,81.14,41,0,13.8,CV,2021-12-31 19:40:30
314,Ancud,-41.8697,-73.8203,58.53,88,100,16.69,CL,2021-12-31 19:40:44
315,Pevek,69.7008,170.3133,-18.0,96,91,1.74,RU,2021-12-31 19:40:45
316,Ambon,-3.6954,128.1814,80.28,81,69,4.76,ID,2021-12-31 19:40:45
317,Ubinskoye,55.3068,79.6802,3.2,90,100,6.49,RU,2021-12-31 19:40:45
318,Saskylakh,71.9167,114.0833,-42.99,98,100,3.06,RU,2021-12-31 19:40:46
319,Gigmoto,13.7796,124.39,76.01,82,100,19.08,PH,2021-12-31 19:40:46
320,Shagonar,51.5333,92.8,-13.38,98,97,2.13,RU,2021-12-31 19:40:46
321,Mwense,-10.3845,28.698,67.8,95,100,2.35,ZM,2021-12-31 19:40:47
322,Dikson,73.5069,80.5464,-12.03,97,99,3.78,RU,2021-12-31 19:40:47
323,Camacha,33.0833,-16.3333,66.96,83,0,11.5,PT,2021-12-31 19:40:48
324,Jaguarari,-10.2639,-40.1958,77.25,64,100,2.48,BR,2021-12-31 19:40:48
325,Krasnoselkup,65.7,82.4667,-34.26,100,100,5.93,RU,2021-12-31 19:40:48
326,Lilongwe,-13.9669,33.7873,71.47,71,91,1.61,MW,2021-12-31 19:40:49
327,Santana Do Acarau,-3.4606,-40.2122,86.38,56,80,8.7,BR,2021-12-31 19:40:49
328,Letlhakane,-21.4167,25.5833,78.66,52,58,11.86,BW,2021-12-31 19:40:50
329,Buenaventura,3.8801,-77.0312,68.92,92,74,6.06,CO,2021-12-31 19:40:50
330,Pingliang,35.5392,106.6861,29.1,30,3,4.36,CN,2021-12-31 19:40:50
331,Nieuw Amsterdam,5.8833,-55.0833,86.16,68,20,2.3,SR,2021-12-31 19:40:51
332,La Ronge,55.1001,-105.2842,-18.15,69,90,8.05,CA,2021-12-31 19:40:51
333,Kuzino,57.0224,59.4412,10.99,97,99,4.41,RU,2021-12-31 19:40:52
334,Nizwa,22.9333,57.5333,66.09,81,25,3.74,OM,2021-12-31 19:40:52
335,Wanaka,-44.7,169.15,60.67,77,26,6.29,NZ,2021-12-31 19:40:53
336,Vaitape,-16.5167,-151.75,81.25,77,64,17.31,PF,2021-12-31 19:40:53
337,Shafter,35.5005,-119.2718,49.06,91,100,9.24,US,2021-12-31 19:40:53
338,Muriae,-21.1306,-42.3664,73.22,96,100,1.63,BR,2021-12-31 19:40:54
339,Lages,-27.8161,-50.3261,71.58,62,99,7.94,BR,2021-12-31 19:40:54
340,Kurkino,53.4257,38.6582,26.4,96,100,11.45,RU,2021-12-31 19:40:55
341,Talcahuano,-36.7167,-73.1167,65.88,55,0,24.16,CL,2021-12-31 19:40:55
342,Omboue,-1.5746,9.2618,77.16,91,100,4.45,GA,2021-12-31 19:40:55
343,Tigil,57.8,158.6667,21.7,80,100,9.84,RU,2021-12-31 19:40:56
344,Lokosovo,61.1333,74.8167,3.52,92,100,7.74,RU,2021-12-31 19:40:56
345,Mercedes,-34.6515,-59.4307,98.85,11,2,2.73,AR,2021-12-31 19:40:57
346,Gat,31.61,34.7642,57.88,100,100,5.97,IL,2021-12-31 19:39:05
347,Lodja,-3.4833,23.4333,69.69,90,99,0.67,CD,2021-12-31 19:40:57
348,Horodyshche,49.2849,31.4451,34.54,99,100,9.57,UA,2021-12-31 19:40:58
349,Erzin,36.9559,36.2,50.72,59,70,7.29,TR,2021-12-31 19:40:58
350,Araouane,18.9048,-3.5265,70.81,13,0,9.84,ML,2021-12-31 19:40:58
351,La Grande,45.3246,-118.0877,22.01,80,98,5.97,US,2021-12-31 19:40:59
352,Sept-Iles,50.2001,-66.3821,28.92,86,90,0.0,CA,2021-12-31 19:40:59
353,Namuac,18.6109,121.1657,72.45,83,94,17.45,PH,2021-12-31 19:41:00
354,Plettenberg Bay,-34.0527,23.3716,65.46,86,39,2.46,ZA,2021-12-31 19:41:00
355,Alofi,-19.0595,-169.9187,80.49,83,100,8.05,NU,2021-12-31 19:41:00
356,Mackay,-21.15,149.2,72.68,88,60,5.75,AU,2021-12-31 19:41:01
357,Arlit,18.7369,7.3853,68.29,20,0,13.6,NE,2021-12-31 19:41:01
358,Inirida,3.8653,-67.9239,86.34,65,100,3.65,CO,2021-12-31 19:41:02
359,San Ramon,37.7799,-121.978,52.09,74,1,1.99,US,2021-12-31 19:37:15
360,Ngunguru,-35.6167,174.5,65.16,73,11,12.64,NZ,2021-12-31 19:41:02
361,Kaduy,59.2,37.15,23.04,96,100,5.7,RU,2021-12-31 19:41:03
362,Namibe,-15.1961,12.1522,72.37,65,18,6.89,AO,2021-12-31 19:41:03
363,Dali,25.7,100.1833,42.26,85,0,4.63,CN,2021-12-31 19:41:04
364,Pinawa,50.1489,-95.8811,-11.78,86,100,7.96,CA,2021-12-31 19:41:04
365,Mecca,21.4267,39.8261,73.92,41,90,2.62,SA,2021-12-31 19:40:49
366,Ndele,8.4109,20.6473,78.89,28,7,2.1,CF,2021-12-31 19:41:05
367,Shurugwi,-19.6702,30.0059,62.37,93,100,3.06,ZW,2021-12-31 19:41:05
368,Zomin,39.9606,68.3958,43.97,44,100,3.6,UZ,2021-12-31 19:41:05
369,Houston,29.7633,-95.3633,84.29,69,40,8.01,US,2021-12-31 19:41:05
370,Kaka,37.3482,59.6143,44.37,38,100,3.78,TM,2021-12-31 19:41:06
371,College,64.8569,-147.8028,1.35,69,75,10.36,US,2021-12-31 19:39:59
372,Yining,29.0361,114.5636,44.83,51,100,0.13,CN,2021-12-31 19:41:07
373,Monrovia,6.3005,-10.7969,82.17,77,38,8.88,LR,2021-12-31 19:41:07
374,Ahipara,-35.1667,173.1667,67.37,68,5,10.8,NZ,2021-12-31 19:41:07
375,Ishigaki,24.3448,124.1572,67.42,62,100,14.47,JP,2021-12-31 19:41:08
376,Bundaberg,-24.85,152.35,74.21,95,90,7.0,AU,2021-12-31 19:41:08
377,Ormara,25.2088,64.6357,71.94,42,23,8.14,PK,2021-12-31 19:41:08
378,Dharangaon,21.0167,75.2667,66.18,63,27,8.72,IN,2021-12-31 19:41:09
379,Rosetta,31.4044,30.4164,53.42,85,4,10.09,EG,2021-12-31 19:41:09
380,Vitim,59.4511,112.5578,-7.2,95,72,8.16,RU,2021-12-31 19:41:10
381,Mpika,-11.8343,31.4529,64.15,92,89,2.08,ZM,2021-12-31 19:41:10
382,Monteagudo,-19.8167,-63.9833,67.78,54,84,3.27,BO,2021-12-31 19:41:11
383,Saint-Georges,12.0564,-61.7485,85.68,62,20,12.44,GD,2021-12-31 19:41:11
384,Jawhar,2.7809,45.5005,72.91,78,35,15.39,SO,2021-12-31 19:41:11
385,Quelimane,-17.8786,36.8883,82.35,89,40,9.22,MZ,2021-12-31 19:41:12
386,Moose Factory,51.2585,-80.6094,10.4,78,90,11.5,CA,2021-12-31 19:41:12
387,Sidrolandia,-20.9319,-54.9614,84.99,82,98,3.98,BR,2021-12-31 19:41:13
388,Inhambane,-23.865,35.3833,76.98,83,20,4.61,MZ,2021-12-31 19:41:13
389,Puerto Ayacucho,5.6639,-67.6236,91.18,55,100,6.11,VE,2021-12-31 19:41:13
390,Uvira,-3.4067,29.1458,73.67,87,100,0.81,CD,2021-12-31 19:41:14
391,Tyukhtet,56.5389,89.3011,3.34,92,100,9.35,RU,2021-12-31 19:41:14
392,Belmonte,-15.8631,-38.8828,84.2,77,100,10.02,BR,2021-12-31 19:41:15
393,Turukhansk,65.8167,87.9833,-29.85,100,97,5.57,RU,2021-12-31 19:41:15
394,Hastings,50.8552,0.5729,55.98,88,100,16.13,GB,2021-12-31 19:41:15
395,Paamiut,61.994,-49.6678,14.04,69,100,6.96,GL,2021-12-31 19:41:16
396,Salvador,13.8333,-88.9167,86.05,29,10,4.16,SV,2021-12-31 19:41:16
397,San Andres,12.5847,-81.7006,86.02,66,20,12.66,CO,2021-12-31 19:41:17
398,Khorinsk,52.1657,109.7726,-2.92,90,73,7.74,RU,2021-12-31 19:41:17
399,Peterhead,57.5058,-1.7981,47.12,94,100,5.57,GB,2021-12-31 19:41:17
400,Lompoc,34.6391,-120.4579,59.56,70,20,12.66,US,2021-12-31 19:41:18
401,Shakawe,-18.3667,21.85,72.81,74,56,5.97,BW,2021-12-31 19:41:18
402,Dicabisagan,17.0818,122.4157,71.98,85,99,10.31,PH,2021-12-31 19:41:19
403,Toyooka,35.5333,134.8333,35.02,84,100,15.75,JP,2021-12-31 19:41:19
404,Monticello,45.3055,-93.7941,17.67,84,1,11.5,US,2021-12-31 19:41:19
405,Cartagena,10.3997,-75.5144,87.42,62,20,20.71,CO,2021-12-31 19:40:01
406,Manavalakurichi,8.1333,77.3,82.49,78,23,9.62,IN,2021-12-31 19:41:20
407,Rathdrum,47.8137,-116.892,18.09,74,75,5.01,US,2021-12-31 19:41:20
408,Chapleau,47.8405,-83.4034,28.49,74,75,8.05,CA,2021-12-31 19:41:21
409,Susanville,40.4163,-120.653,34.81,61,20,3.44,US,2021-12-31 19:39:43
410,Nome,64.5011,-165.4064,-2.13,60,1,8.05,US,2021-12-31 19:41:21
411,Tarpon Springs,28.1461,-82.7568,86.41,76,1,1.01,US,2021-12-31 19:39:02
412,Maues,-3.3836,-57.7186,79.56,94,100,0.25,BR,2021-12-31 19:41:22
413,Bom Jesus Da Lapa,-13.255,-43.4181,81.03,73,100,4.81,BR,2021-12-31 19:41:22
414,Wapi Pathum,15.8452,103.3768,68.32,77,2,11.1,TH,2021-12-31 19:41:23
415,Bereda,43.2686,-7.5406,62.35,82,100,3.22,ES,2021-12-31 19:41:23
416,Jaciara,-15.9653,-54.9683,82.13,80,58,4.56,BR,2021-12-31 19:41:24
417,Aykhal,66.0,111.5,-20.78,99,100,1.16,RU,2021-12-31 19:41:24
418,Tomatlan,19.9333,-105.25,85.86,42,0,8.9,MX,2021-12-31 19:41:25
419,Tura,25.5198,90.2201,55.92,72,92,3.96,IN,2021-12-31 19:41:25
420,Desnogorsk,54.1508,33.2815,33.13,98,100,8.77,RU,2021-12-31 19:41:25
421,Shimoda,34.6667,138.95,31.1,53,0,19.1,JP,2021-12-31 19:41:26
422,Darnah,32.767,22.6367,61.38,82,64,22.08,LY,2021-12-31 19:41:26
423,Ballina,-28.8667,153.5667,71.56,85,90,1.14,AU,2021-12-31 19:41:26
424,Woodward,36.4337,-99.3904,65.43,26,1,18.41,US,2021-12-31 19:41:27
425,Taraz,42.9,71.3667,36.01,80,90,6.71,KZ,2021-12-31 19:41:27
426,Flin Flon,54.7682,-101.865,-13.16,70,75,8.05,CA,2021-12-31 19:41:28
427,Christchurch,-43.5333,172.6333,70.48,78,0,2.3,NZ,2021-12-31 19:41:28
428,Pochutla,15.7432,-96.4661,88.83,40,0,8.84,MX,2021-12-31 19:41:29
429,Lazaro Cardenas,17.9583,-102.2,81.68,61,0,8.97,MX,2021-12-31 19:41:29
430,Komagane,35.7296,137.9396,25.77,88,30,1.28,JP,2021-12-31 19:41:30
431,Moindou,-21.6924,165.677,76.95,81,100,6.38,NC,2021-12-31 19:41:30
432,Taltal,-25.4,-70.4833,70.74,73,17,8.63,CL,2021-12-31 19:41:30
433,Roald,62.5833,6.1333,36.91,100,75,5.75,NO,2021-12-31 19:41:31
434,Waitati,-45.75,170.5667,63.61,63,33,4.41,NZ,2021-12-31 19:41:31
435,Nemuro,43.3236,145.575,17.02,55,6,18.25,JP,2021-12-31 19:41:32
436,Yarmouth,41.7057,-70.2286,49.24,91,90,5.99,US,2021-12-31 19:41:32
437,Santa Cruz,-17.8,-63.1667,91.45,58,40,17.27,BO,2021-12-31 19:41:02
438,Puerto Narino,-3.7703,-70.3831,82.35,89,100,1.5,CO,2021-12-31 19:41:33
439,Suntar,62.1444,117.6319,-11.92,100,100,2.53,RU,2021-12-31 19:41:33
440,Silver City,32.7701,-108.2803,40.03,96,90,3.0,US,2021-12-31 19:41:34
441,Sitka,57.0531,-135.33,37.29,70,90,16.11,US,2021-12-31 19:41:34
442,Port Keats,-14.25,129.55,82.71,80,31,8.95,AU,2021-12-31 19:41:34
443,Okhotsk,59.3833,143.3,-21.33,76,0,18.07,RU,2021-12-31 19:41:35
444,Tambura,5.6,27.4667,85.37,31,100,3.53,SS,2021-12-31 19:41:35
445,Lindi,-10.0,39.7167,77.58,86,89,2.95,TZ,2021-12-31 19:41:36
446,Fare,-16.7,-151.0167,81.14,77,71,17.6,PF,2021-12-31 19:41:36
447,Gasa,31.5,34.4667,58.98,80,97,9.8,PS,2021-12-31 19:37:16
448,Wittstock,53.1612,12.4829,53.53,94,100,14.81,DE,2021-12-31 19:41:37
449,Itaobim,-16.5667,-41.8333,76.59,89,100,2.89,BR,2021-12-31 19:41:37
450,Gazimurskiy Zavod,51.5461,118.3266,-3.17,99,100,2.01,RU,2021-12-31 19:41:38
451,Zemio,5.0314,25.1361,76.64,62,67,3.85,CF,2021-12-31 19:41:38
452,Olafsvik,64.8945,-23.7142,34.56,64,100,16.69,IS,2021-12-31 19:41:39
453,Kutum,14.2,24.6667,66.67,23,100,7.25,SD,2021-12-31 19:36:52
454,Coahuayana,18.7333,-103.6833,87.28,47,0,6.49,MX,2021-12-31 19:41:39
455,Mbanza-Ngungu,-5.25,14.8667,69.53,94,84,1.74,CD,2021-12-31 19:41:39
456,Srednekolymsk,67.45,153.6833,-46.01,100,87,0.96,RU,2021-12-31 19:41:40
457,Washougal,45.5826,-122.3534,39.38,89,90,17.27,US,2021-12-31 19:37:09
458,Nabire,-3.3667,135.4833,75.52,91,99,3.44,ID,2021-12-31 19:41:41
459,Kenai,60.5544,-151.2583,23.14,93,90,3.44,US,2021-12-31 19:41:41
460,Sena Madureira,-9.0656,-68.6569,86.58,64,84,2.89,BR,2021-12-31 19:41:42
461,Richards Bay,-28.783,32.0377,68.58,93,100,5.66,ZA,2021-12-31 19:41:42
462,Bahia Blanca,-38.7196,-62.2724,91.8,13,0,12.01,AR,2021-12-31 19:41:42
463,Tanabe,33.7333,135.3667,41.94,58,93,5.99,JP,2021-12-31 19:41:43
464,Castlebar,53.85,-9.3,54.99,92,100,15.88,IE,2021-12-31 19:41:43
465,Tual,-5.6667,132.75,82.94,77,100,10.07,ID,2021-12-31 19:41:44
466,Lasa,46.6166,10.7002,32.74,50,0,5.59,IT,2021-12-31 19:41:44
467,Severodvinsk,64.5635,39.8302,17.71,95,100,8.16,RU,2021-12-31 19:41:44
468,Usinsk,65.9939,57.5281,11.73,95,100,17.45,RU,2021-12-31 19:41:45
469,Gladstone,-23.85,151.25,76.93,73,75,8.05,AU,2021-12-31 19:41:45
470,Russell,32.3502,-85.1999,80.2,70,75,5.75,US,2021-12-31 19:41:46
471,Rio Gallegos,-51.6226,-69.2181,59.05,18,40,33.38,AR,2021-12-31 19:37:08
472,Praia Da Vitoria,38.7333,-27.0667,59.25,82,40,13.09,PT,2021-12-31 19:41:46
473,Damghan,36.1683,54.348,37.18,51,4,3.36,IR,2021-12-31 19:41:47
474,Bonthe,7.5264,-12.505,82.36,76,35,7.45,SL,2021-12-31 19:41:47
475,Caxito,-8.5785,13.6643,79.45,94,16,3.36,AO,2021-12-31 19:41:47
476,Ayan,56.45,138.1667,-12.69,80,12,7.29,RU,2021-12-31 19:41:48
477,Elizabeth City,36.2946,-76.2511,61.0,91,90,0.0,US,2021-12-31 19:41:48
478,Nsanje,-16.92,35.262,73.81,98,100,2.84,MW,2021-12-31 19:41:49
479,Darlawn,24.0167,92.9,48.43,83,0,2.73,IN,2021-12-31 19:41:49
480,Teya,60.3778,92.6267,-10.3,97,100,4.14,RU,2021-12-31 19:41:50
481,Kaeo,-35.1,173.7833,65.32,81,3,5.23,NZ,2021-12-31 19:41:50
482,Chifeng,42.2683,118.9636,16.18,49,3,4.97,CN,2021-12-31 19:41:50
483,Glenwood Springs,39.5505,-107.3248,36.41,89,90,11.5,US,2021-12-31 19:41:51
484,Inta,66.0317,60.1659,14.13,96,100,5.79,RU,2021-12-31 19:41:51
485,Tessalit,20.1986,1.0114,69.67,14,0,9.64,ML,2021-12-31 19:41:52
486,Suluq,31.6682,20.2521,57.61,78,3,16.28,LY,2021-12-31 19:41:52
487,Bilibino,68.0546,166.4372,-25.19,99,22,3.74,RU,2021-12-31 19:41:52
488,Changzhou,31.7833,119.9667,42.01,64,100,6.85,CN,2021-12-31 19:41:53
489,Ixtapa,20.7,-105.2,81.63,47,1,4.61,MX,2021-12-31 19:41:53
490,Broome,42.2506,-75.833,53.17,77,90,3.0,US,2021-12-31 19:41:54
491,Pyaozerskiy,65.8333,31.1667,21.38,94,100,11.88,RU,2021-12-31 19:41:54
492,Rocha,-34.4833,-54.3333,77.09,62,59,10.98,UY,2021-12-31 19:41:54
493,Matias Olimpio,-3.7158,-42.5556,79.79,77,100,2.57,BR,2021-12-31 19:41:55
494,Waw,7.7029,27.9953,82.17,29,96,3.85,SS,2021-12-31 19:41:55
495,Chapais,49.7834,-74.8492,19.18,95,100,10.47,CA,2021-12-31 19:41:56
496,San Quintin,30.4833,-115.95,62.42,66,74,12.21,MX,2021-12-31 19:41:56
497,Kindu,-2.95,25.95,68.67,99,100,2.3,CD,2021-12-31 19:41:56
498,Javanrud,34.7961,46.5172,36.34,85,6,3.2,IR,2021-12-31 19:41:57
499,Morant Bay,17.8815,-76.4093,87.42,66,5,11.77,JM,2021-12-31 19:41:57
500,Teguise,29.0605,-13.564,66.42,26,0,2.3,ES,2021-12-31 19:41:58
501,Krasnoarmeyskiy,47.0114,42.2072,37.27,98,100,4.74,RU,2021-12-31 19:41:58
502,Fushun,41.8558,123.9233,8.31,52,2,6.78,CN,2021-12-31 19:41:58
503,Priiskovyy,51.9333,116.6333,-3.75,100,100,2.13,RU,2021-12-31 19:41:59
504,Alexandria,31.2156,29.9553,53.56,87,40,5.75,EG,2021-12-31 19:40:46
505,Byron Bay,-28.65,153.6167,72.18,89,100,7.02,AU,2021-12-31 19:41:59
506,Mandalgovi,45.7625,106.2708,1.78,82,5,13.35,MN,2021-12-31 19:42:00
507,Baghdad,33.3406,44.4009,42.71,70,44,1.14,IQ,2021-12-31 19:38:25
508,Brandon,27.9378,-82.2859,86.32,73,1,1.01,US,2021-12-31 19:41:50
509,Junnar,19.2,73.8833,64.69,69,30,4.14,IN,2021-12-31 19:42:01
510,Nombre De Dios,23.85,-104.2333,72.95,16,0,19.08,MX,2021-12-31 19:42:01
511,Tonantins,-2.8731,-67.8022,88.43,63,90,2.33,BR,2021-12-31 19:42:02
512,Katsuura,35.1333,140.3,33.91,47,12,15.19,JP,2021-12-31 19:42:02
513,Nadadores,27.05,-101.6,90.25,26,1,0.0,MX,2021-12-31 19:42:02
514,Ulaangom,49.9811,92.0667,-11.96,90,100,3.02,MN,2021-12-31 19:42:03
515,Dongning,44.0622,131.1207,-11.45,87,2,4.9,CN,2021-12-31 19:42:03
516,Henties Bay,-22.116,14.2845,62.85,83,0,12.33,NA,2021-12-31 19:42:04
517,Mehriz,31.5917,54.4318,39.7,65,41,2.62,IR,2021-12-31 19:42:04
518,Octeville,49.6261,-1.6435,54.09,94,75,14.97,FR,2021-12-31 19:42:05
519,Kampot,10.6167,104.1833,78.85,67,100,11.36,KH,2021-12-31 19:42:05
520,Sudbury,46.49,-80.99,34.66,92,100,8.43,CA,2021-12-31 19:42:05
521,Lopatino,52.6195,45.8118,12.06,98,100,6.2,RU,2021-12-31 19:42:06
522,Maura,60.25,11.0167,24.48,93,90,3.44,NO,2021-12-31 19:42:07
523,Pauini,-7.7136,-66.9764,88.86,60,95,2.01,BR,2021-12-31 19:42:07
524,Heishan,41.6892,122.1128,13.17,48,4,2.8,CN,2021-12-31 19:42:07
525,Saravan,39.7196,45.6483,9.25,61,24,6.35,AM,2021-12-31 19:42:08
526,Kangaatsiaq,68.3065,-53.4641,7.02,91,100,9.62,GL,2021-12-31 19:42:08
527,Homer,59.6425,-151.5483,33.76,97,90,3.44,US,2021-12-31 19:37:17
528,Phek,25.6667,94.5,37.63,98,12,1.45,IN,2021-12-31 19:42:09
529,Agropoli,40.3469,14.9966,58.28,79,0,3.11,IT,2021-12-31 19:42:09
530,Texarkana,33.4251,-94.0477,73.74,78,20,5.75,US,2021-12-31 19:42:10
531,Tiznit,29.5833,-9.5,65.1,27,60,1.79,MA,2021-12-31 19:42:10
532,Pontianak,-0.0333,109.3333,75.18,100,90,0.0,ID,2021-12-31 19:42:11
533,Itoman,26.1247,127.6694,59.02,55,100,9.22,JP,2021-12-31 19:42:11
534,Toledo,39.8333,-4.0,54.09,56,1,2.28,ES,2021-12-31 19:42:12
535,Vostok,46.4856,135.8833,-19.21,99,100,3.67,RU,2021-12-31 19:42:12
536,Aguimes,27.9054,-15.4461,66.67,88,0,4.61,ES,2021-12-31 19:42:13
537,Halifax,44.6453,-63.5724,39.25,96,100,3.44,CA,2021-12-31 19:37:36
538,Wenling,28.3669,121.36,44.47,73,100,5.97,CN,2021-12-31 19:42:13
539,Lima,-12.0432,-77.0282,73.65,64,0,13.8,PE,2021-12-31 19:40:20
540,Yulara,-25.2406,130.9889,75.04,50,32,10.36,AU,2021-12-31 19:42:14
541,Litovko,49.2361,135.1742,-18.51,92,100,2.26,RU,2021-12-31 19:42:14
542,Gazojak,41.1875,61.4036,35.55,45,100,5.64,TM,2021-12-31 19:42:15
543,Hovd,48.0056,91.6419,-4.32,76,26,4.0,MN,2021-12-31 19:42:15
544,Saint-Leu,-21.15,55.2833,74.23,74,66,2.86,RE,2021-12-31 19:42:16
545,Atascadero,35.4894,-120.6707,55.33,89,53,1.99,US,2021-12-31 19:42:16
546,Tezu,27.9167,96.1667,56.19,42,8,4.92,IN,2021-12-31 19:42:17
547,Pulsano,40.3821,17.3564,57.49,69,0,5.75,IT,2021-12-31 19:42:17
548,Imbituba,-28.24,-48.6703,75.09,76,92,8.77,BR,2021-12-31 19:42:17
549,Salisbury,51.0693,-1.7957,55.69,92,75,8.05,GB,2021-12-31 19:42:18
550,Komsomolskiy,40.4272,71.7189,31.42,64,100,4.61,UZ,2021-12-31 19:42:18
551,Qianguo,45.1171,124.8568,-9.17,87,31,6.89,CN,2021-12-31 19:42:19
552,Batagay-Alyta,67.8006,130.4114,-42.86,96,81,1.86,RU,2021-12-31 19:42:19
553,Vuktyl,63.8567,57.3094,10.36,91,100,11.34,RU,2021-12-31 19:42:20
554,Szczytno,53.5626,20.9875,49.93,100,90,9.22,PL,2021-12-31 19:42:20
555,Abha,18.2164,42.5053,53.42,82,0,0.0,SA,2021-12-31 19:40:53
556,Eenhana,-17.4667,16.3333,83.95,32,14,5.93,NA,2021-12-31 19:42:21
557,Te Anau,-45.4167,167.7167,61.88,76,16,4.76,NZ,2021-12-31 19:42:21
558,Sao Filipe,14.8961,-24.4956,77.47,60,70,6.49,CV,2021-12-31 19:42:21
559,Pokhara,28.2333,83.9833,50.45,59,35,5.06,NP,2021-12-31 19:39:05
560,Champerico,14.3,-91.9167,91.94,61,1,9.73,GT,2021-12-31 19:42:22
561,Zhigansk,66.7697,123.3711,-33.11,95,100,11.86,RU,2021-12-31 19:42:23
562,Thomastown,52.5267,-7.1372,55.94,95,100,16.62,IE,2021-12-31 19:42:23
563,Seoul,37.5683,126.9778,11.71,72,0,2.3,KR,2021-12-31 19:42:23
564,Batticaloa,7.7102,81.6924,76.95,88,100,7.94,LK,2021-12-31 19:42:24
565,Dhaka,23.7104,90.4074,67.98,73,0,5.75,BD,2021-12-31 19:39:37
566,Papar,5.7333,115.9333,75.2,86,100,3.27,MY,2021-12-31 19:42:24
567,Hasaki,35.7333,140.8333,30.6,43,0,28.39,JP,2021-12-31 19:42:25
568,Shakhtinsk,49.71,72.5872,-8.84,82,100,1.48,KZ,2021-12-31 19:42:25
569,Puerto Colombia,10.9878,-74.9547,86.09,75,100,20.09,CO,2021-12-31 19:42:26
570,Horsham,51.064,-0.3272,57.06,91,75,3.44,GB,2021-12-31 19:42:26
571,Pedraza,10.1874,-74.915,94.57,32,26,3.51,CO,2021-12-31 19:42:26
572,Viedma,-40.8135,-62.9967,85.46,11,12,13.02,AR,2021-12-31 19:42:27
573,Vanavara,60.34,102.2797,-10.34,92,100,9.69,RU,2021-12-31 19:42:27
574,Birjand,32.8663,59.2211,36.07,100,40,4.61,IR,2021-12-31 19:42:28
575,Goderich,43.7501,-81.7165,39.9,75,100,10.36,CA,2021-12-31 19:42:28
576,Jiazi,22.8779,116.067,56.89,81,12,14.09,CN,2021-12-31 19:42:29
577,Tazovskiy,67.4667,78.7,-31.99,100,94,7.45,RU,2021-12-31 19:42:29
578,Hirara,24.8,125.2833,66.16,62,92,17.78,JP,2021-12-31 19:42:29
579,Baykit,61.67,96.37,-26.77,100,94,1.39,RU,2021-12-31 19:42:30
580,Meadow Lake,34.8014,-106.5436,46.4,73,100,19.89,US,2021-12-31 19:42:30
581,Sao Felix Do Xingu,-6.6447,-51.995,72.97,99,100,1.97,BR,2021-12-31 19:42:31
582,Hay River,60.8156,-115.7999,-25.62,68,20,2.3,CA,2021-12-31 19:42:31
583,Karratha,-20.7377,116.8463,80.92,75,0,7.58,AU,2021-12-31 19:42:31
584,Vilya,55.2456,42.2089,16.36,95,93,8.1,RU,2021-12-31 19:42:32
585,Mount Isa,-20.7333,139.5,78.57,57,4,0.0,AU,2021-12-31 19:42:32
586,Springbok,-29.6643,17.8865,54.46,66,9,6.53,ZA,2021-12-31 19:42:33
587,Sorland,67.667,12.6934,34.43,56,100,26.11,NO,2021-12-31 19:42:33
588,Kurumkan,54.3,110.3,-9.31,87,23,6.58,RU,2021-12-31 19:42:34
589,Safonovo,55.15,33.2167,32.85,99,100,7.7,RU,2021-12-31 19:42:34
590,Lakatoro,-16.0999,167.4164,83.03,80,100,2.98,VU,2021-12-31 19:42:35
591,Faya,18.3851,42.4509,53.71,72,17,4.05,SA,2021-12-31 19:42:35
592,Marfino,55.7028,37.3822,26.55,92,90,11.18,RU,2021-12-31 19:42:35
593,Mbini,1.574,9.6134,79.9,82,100,3.98,GQ,2021-12-31 19:42:36
594,Sinnamary,5.3833,-52.95,79.16,77,100,13.13,GF,2021-12-31 19:42:36
595,Buraydah,26.326,43.975,57.65,75,48,13.85,SA,2021-12-31 19:42:37
596,Saskatoon,52.1168,-106.6345,-16.83,75,20,5.01,CA,2021-12-31 19:42:16
597,Dzhebariki-Khaya,62.2167,135.8,-44.05,100,72,0.85,RU,2021-12-31 19:42:37
598,Palana,59.1167,159.9667,24.53,73,100,28.16,RU,2021-12-31 19:42:38
599,Mumford,5.2618,-0.759,80.8,83,76,7.92,GH,2021-12-31 19:42:38
600,Banda Aceh,5.5577,95.3222,77.09,85,56,11.83,ID,2021-12-31 19:42:38
601,Abu Dhabi,24.4667,54.3667,71.62,73,0,5.75,AE,2021-12-31 19:42:16
602,Angoche,-16.2325,39.9086,80.82,79,22,7.65,MZ,2021-12-31 19:42:39
603,Parakou,9.3372,2.6303,82.36,19,4,4.88,BJ,2021-12-31 19:42:39
604,Vega De Alatorre,20.0333,-96.6333,82.11,61,0,8.93,MX,2021-12-31 19:42:40
605,Kautokeino,69.0125,23.0412,0.82,90,84,4.59,NO,2021-12-31 19:42:40
606,Dourbali,11.8091,15.8632,73.35,14,43,8.61,TD,2021-12-31 19:42:41
607,Ilula,-7.6766,36.0366,63.95,88,95,3.04,TZ,2021-12-31 19:42:41
608,La Peca,-5.6111,-78.435,87.44,44,77,3.85,PE,2021-12-31 19:42:41
609,Hoshangabad,22.75,77.7167,55.96,72,27,5.97,IN,2021-12-31 19:42:42
610,Dingle,10.9995,122.6711,74.61,84,100,12.15,PH,2021-12-31 19:42:42
611,Nabinagar,23.8917,90.9733,68.07,63,0,7.18,BD,2021-12-31 19:42:43
612,Garden City,42.3256,-83.331,45.12,78,90,3.44,US,2021-12-31 19:38:32
613,Maroantsetra,-15.4333,49.7333,77.52,88,100,0.69,MG,2021-12-31 19:42:43
614,Palmer,42.1584,-72.3287,48.99,86,90,0.0,US,2021-12-31 19:42:44
615,Qianan,44.9932,124.0581,-9.36,83,10,7.29,CN,2021-12-31 19:42:44
616,Suratgarh,29.3167,73.9,53.92,33,13,3.47,IN,2021-12-31 19:42:45
617,Donskoye,45.4552,41.9741,44.73,83,100,4.97,RU,2021-12-31 19:42:45
618,Arrecife,28.963,-13.5477,69.78,26,0,2.3,ES,2021-12-31 19:42:45
619,Marienburg,54.0359,19.0266,49.84,95,100,9.78,PL,2021-12-31 19:42:46
620,Atambua,-9.1061,124.8925,73.62,88,90,1.12,ID,2021-12-31 19:42:46
621,Hengshui,37.7322,115.7011,30.33,58,99,5.7,CN,2021-12-31 19:42:47
622,Kimbe,-5.5502,150.1429,76.93,92,100,2.8,PG,2021-12-31 19:42:47
623,Arucas,28.1198,-15.5233,66.83,49,10,4.54,ES,2021-12-31 19:42:47
624,Parakai,-36.65,174.4333,70.72,77,52,11.1,NZ,2021-12-31 19:42:48
625,Seymchan,62.8833,152.4333,-43.42,100,100,0.04,RU,2021-12-31 19:42:48
626,Lipari,38.4674,14.954,59.34,80,0,12.68,IT,2021-12-31 19:42:49
627,Alice Springs,-23.7,133.8833,76.55,57,9,0.0,AU,2021-12-31 19:42:49
628,Huanren,41.2647,125.3667,2.71,86,4,1.43,CN,2021-12-31 19:42:49
629,Angicos,-5.6656,-36.6011,89.01,45,98,13.51,BR,2021-12-31 19:42:50
630,Yarada,17.65,83.2667,73.72,78,20,2.3,IN,2021-12-31 19:42:50
631,Turayf,31.6725,38.6637,48.45,81,75,13.8,SA,2021-12-31 19:42:51
632,Taunggyi,20.7833,97.0333,50.85,77,100,1.66,MM,2021-12-31 19:42:51
633,Tolmin,46.183,13.7332,47.21,57,0,3.69,SI,2021-12-31 19:42:51
634,Lar,26.2039,83.9717,58.1,78,100,5.48,IN,2021-12-31 19:42:52
635,Qaqortoq,60.7167,-46.0333,16.3,58,63,7.02,GL,2021-12-31 19:42:52
636,Maldonado,-34.6667,-54.9167,85.39,39,22,15.61,UY,2021-12-31 19:42:53
637,Sakakah,29.9697,40.2064,49.57,69,16,13.09,SA,2021-12-31 19:42:53
638,Axim,4.8699,-2.2405,80.31,83,100,7.94,GH,2021-12-31 19:42:53
639,Saint-Francois,46.4154,3.9054,42.67,93,90,2.3,FR,2021-12-31 19:42:54
640,Nhulunbuy,-12.2333,136.7667,83.01,89,20,9.22,AU,2021-12-31 19:42:54
641,Benidorm,38.5382,-0.131,60.48,73,99,5.17,ES,2021-12-31 19:42:55
642,Jensen Beach,27.2545,-80.2298,86.07,67,40,1.01,US,2021-12-31 19:42:55
643,Muros,42.7762,-9.0603,67.86,54,100,22.32,ES,2021-12-31 19:42:55
644,Tursunzoda,38.5144,68.2333,50.88,43,100,4.21,TJ,2021-12-31 19:42:56
645,Kharp,66.8014,65.8081,-7.69,99,100,3.2,RU,2021-12-31 19:42:56
646,Mareeba,-17.0,145.4333,72.45,95,16,2.1,AU,2021-12-31 19:42:57
647,Uyuni,-20.4597,-66.825,55.18,53,82,18.23,BO,2021-12-31 19:42:57
648,Waipawa,-41.4122,175.5153,66.94,63,0,1.14,NZ,2021-12-31 19:42:57
649,Moron,-34.6534,-58.6198,95.02,47,12,4.0,AR,2021-12-31 19:42:58
650,Del Rio,29.3627,-100.8968,75.31,68,1,11.5,US,2021-12-31 19:42:58
651,Meulaboh,4.1363,96.1285,76.53,88,99,2.01,ID,2021-12-31 19:42:59
652,Amga,60.8953,131.9608,-43.65,100,100,0.45,RU,2021-12-31 19:42:59
653,Taft,31.7471,54.2088,39.15,65,0,6.91,IR,2021-12-31 19:43:00
654,Alta Floresta,-9.8756,-56.0861,82.22,83,90,9.22,BR,2021-12-31 19:43:00
655,Coolum Beach,-26.5333,153.1,72.34,92,86,13.69,AU,2021-12-31 19:43:00
656,Ohara,35.25,140.3833,33.75,46,1,15.9,JP,2021-12-31 19:43:01
657,Antalaha,-14.9003,50.2788,75.72,91,99,4.32,MG,2021-12-31 19:43:01
658,Rudbar,30.15,62.6,56.59,86,48,5.01,AF,2021-12-31 19:43:02
659,Durban,-29.8579,31.0292,69.93,96,100,1.01,ZA,2021-12-31 19:43:02
660,Sumbe,-11.2061,13.8437,76.91,90,7,8.23,AO,2021-12-31 19:43:02
661,Huarmey,-10.0681,-78.1522,74.37,73,95,11.32,PE,2021-12-31 19:43:03
662,Hamilton,39.1834,-84.5333,58.98,88,75,3.0,US,2021-12-31 19:41:50
663,Houma,29.5958,-90.7195,84.2,80,52,11.01,US,2021-12-31 19:40:02
664,Trelew,-43.249,-65.3051,81.68,16,100,19.19,AR,2021-12-31 19:43:04
665,Saint-Pierre,-21.3393,55.4781,74.84,70,20,2.3,RE,2021-12-31 19:43:04
666,Irbeyskoye,55.6428,95.4522,9.95,91,100,11.01,RU,2021-12-31 19:43:04
667,Hobyo,5.3505,48.5268,79.21,73,95,15.86,SO,2021-12-31 19:43:05
668,Kirkuk,35.4681,44.3922,47.34,57,0,1.77,IQ,2021-12-31 19:43:05
669,Kattivakkam,13.2167,80.3167,78.89,83,8,13.27,IN,2021-12-31 19:43:06
670,Cap Malheureux,-19.9842,57.6142,77.49,74,23,3.0,MU,2021-12-31 19:43:06
671,Kalamnuri,19.6667,77.3333,63.63,69,0,6.76,IN,2021-12-31 19:43:06
672,Jalu,29.0331,21.5482,59.02,70,40,19.04,LY,2021-12-31 19:43:07
673,Makakilo City,21.3469,-158.0858,72.28,91,90,3.44,US,2021-12-31 19:43:07
